{
  "main": {
    "id": "438c2525d2091ace",
    "type": "split",
    "children": [
      {
        "id": "3a6a1d2410ad8cdd",
        "type": "tabs",
        "children": [
          {
            "id": "7a894022fd8e4c86",
            "type": "leaf",
            "state": {
              "type": "markdown",
              "state": {
                "file": "Modulo slides C/Conversione mediante costruttori.md",
                "mode": "source",
                "source": false
              },
              "icon": "lucide-file",
              "title": "Conversione mediante costruttori"
            }
          },
          {
            "id": "25e508e45bfc98fa",
            "type": "leaf",
            "state": {
              "type": "markdown",
              "state": {
                "file": "Modulo slides C/Il preprocessore.md",
                "mode": "source",
                "source": false
              },
              "icon": "lucide-file",
              "title": "Il preprocessore"
            }
          }
        ],
        "currentTab": 1
      }
    ],
    "direction": "vertical"
  },
  "left": {
    "id": "13e1f880ad42c740",
    "type": "split",
    "children": [
      {
        "id": "40986b4d8307bb3f",
        "type": "tabs",
        "children": [
          {
            "id": "ddf54dcccaab9d80",
            "type": "leaf",
            "state": {
              "type": "file-explorer",
              "state": {
                "sortOrder": "alphabetical",
                "autoReveal": false
              },
              "icon": "lucide-folder-closed",
              "title": "Files"
            }
          },
          {
            "id": "3b1df13d41c94ac4",
            "type": "leaf",
            "state": {
              "type": "search",
              "state": {
                "query": "",
                "matchingCase": false,
                "explainSearch": false,
                "collapseAll": false,
                "extraContext": false,
                "sortOrder": "alphabetical"
              },
              "icon": "lucide-search",
              "title": "Search"
            }
          },
          {
            "id": "d79ed865005d74c6",
            "type": "leaf",
            "state": {
              "type": "bookmarks",
              "state": {},
              "icon": "lucide-bookmark",
              "title": "Bookmarks"
            }
          }
        ]
      }
    ],
    "direction": "horizontal",
    "width": 200
  },
  "right": {
    "id": "ee164dd0404663a0",
    "type": "split",
    "children": [
      {
        "id": "37bd2421b36df6cf",
        "type": "tabs",
        "children": [
          {
            "id": "39e7b842a1ba99e8",
            "type": "leaf",
            "state": {
              "type": "backlink",
              "state": {
                "file": "Le classi di memorizzazione di un oggetto.md",
                "collapseAll": false,
                "extraContext": false,
                "sortOrder": "alphabetical",
                "showSearch": false,
                "searchQuery": "",
                "backlinkCollapsed": false,
                "unlinkedCollapsed": false
              },
              "icon": "links-coming-in",
              "title": "Backlinks for Le classi di memorizzazione di un oggetto"
            }
          },
          {
            "id": "abfb65544357ff14",
            "type": "leaf",
            "state": {
              "type": "outgoing-link",
              "state": {
                "file": "Le classi di memorizzazione di un oggetto.md",
                "linksCollapsed": false,
                "unlinkedCollapsed": true
              },
              "icon": "links-going-out",
              "title": "Outgoing links from Le classi di memorizzazione di un oggetto"
            }
          },
          {
            "id": "665cb04dfa178ca4",
            "type": "leaf",
            "state": {
              "type": "tag",
              "state": {
                "sortOrder": "frequency",
                "useHierarchy": true,
                "showSearch": false,
                "searchQuery": ""
              },
              "icon": "lucide-tags",
              "title": "Tags"
            }
          },
          {
            "id": "9a368d4e7c3d033e",
            "type": "leaf",
            "state": {
              "type": "all-properties",
              "state": {
                "sortOrder": "frequency",
                "showSearch": false,
                "searchQuery": ""
              },
              "icon": "lucide-archive",
              "title": "All properties"
            }
          },
          {
            "id": "c7ec8a8b5856070e",
            "type": "leaf",
            "state": {
              "type": "outline",
              "state": {
                "file": "Le classi di memorizzazione di un oggetto.md",
                "followCursor": false,
                "showSearch": false,
                "searchQuery": ""
              },
              "icon": "lucide-list",
              "title": "Outline of Le classi di memorizzazione di un oggetto"
            }
          }
        ],
        "currentTab": 3
      }
    ],
    "direction": "horizontal",
    "width": 205.5,
    "collapsed": true
  },
  "left-ribbon": {
    "hiddenItems": {
      "switcher:Open quick switcher": false,
      "graph:Open graph view": false,
      "canvas:Create new canvas": false,
      "daily-notes:Open today's daily note": false,
      "templates:Insert template": false,
      "command-palette:Open command palette": false,
      "bases:Create new base": false
    }
  },
  "active": "25e508e45bfc98fa",
  "lastOpenFiles": [
    "Modulo slides C/Il puntatore this.md",
    "Modulo slides C/Oggetto classe.md",
    "Modulo slides C/Ridefinizione di operatori di ingresso-uscita.md",
    "Immagini/Macro.png",
    "Modulo slides C/Il preprocessore.md",
    "Modulo slides C/l'overloading di operatori.md",
    "Modulo slides C/Membri classe all'interno di classi.md",
    "Modulo slides C/Membri statici.md",
    "Immagini/nuovo simbolo.png",
    "Modulo slides C/classi per l'ingresso e l'uscita di dati.md",
    "Immagini/ridef oper 2.png",
    "Immagini/ridef oper.png",
    "Immagini/fstream.png",
    "Immagini/iomanip.png",
    "Modulo slides C/classi.md",
    "Immagini/Ostream.png",
    "Modulo slides C/Conversione mediante costruttori.md",
    "Modulo slides C/Funzioni globali.md",
    "Immagini/Istream.png",
    "Modulo slides B/Operazioni di lettura.md",
    "Modulo slides B/Lo stream.md",
    "Modulo slides B/modulazione di un programma c++.md",
    "Immagini/operatori di conversione.png",
    "Modulo slides C/Gli operatori di conversione.md",
    "Immagini/Esempio conversione mediante costruttore.png",
    "Modulo slides C/Espressioni letterali.md",
    "Modulo slides B/espressioni.md",
    "Modulo slides C/Campi dati costanti - Le funzioni const.md",
    "Modulo slides C/Array di oggetti classe.md",
    "Modulo slides C/Il costruttore di copia - Uno zoom sull'operatore di assegnamento.md",
    "Modulo slides C/costruttore.md",
    "Modulo slides C/funzioni friend.md",
    "Modulo slides B/input e output da file.md",
    "Modulo slides C/il distruttore.md",
    "Modulo slides B/Astrazioni procedurali, oggetti astratti e tipi di dato astratti.md",
    "Modulo slides C",
    "Modulo slides B",
    "Modulo slides A",
    "Immagini"
  ]
}